Age,Gender,Period,Unemployed
16 to 19 years,Men,01-01-2005,91000
20 to 24 years,Men,01-01-2005,175000
25 to 34 years,Men,01-01-2005,194000
35 to 44 years,Men,01-01-2005,201000
45 to 54 years,Men,01-01-2005,207000
55 to 64 years,Men,01-01-2005,101000
65 years and over,Men,01-01-2005,33000
16 to 19 years,Women,01-01-2005,38000
20 to 24 years,Women,01-01-2005,90000
25 to 34 years,Women,01-01-2005,142000
35 to 44 years,Women,01-01-2005,180000
45 to 54 years,Women,01-01-2005,157000
55 to 64 years,Women,01-01-2005,71000
65 years and over,Women,01-01-2005,82000
16 to 19 years,Men,01-02-2005,90000
20 to 24 years,Men,01-02-2005,154000
25 to 34 years,Men,01-02-2005,176000
35 to 44 years,Men,01-02-2005,184000
45 to 54 years,Men,01-02-2005,186000
55 to 64 years,Men,01-02-2005,98000
65 years and over,Men,01-02-2005,38000
16 to 19 years,Women,01-02-2005,54000
20 to 24 years,Women,01-02-2005,114000
25 to 34 years,Women,01-02-2005,119000
35 to 44 years,Women,01-02-2005,170000
45 to 54 years,Women,01-02-2005,173000
55 to 64 years,Women,01-02-2005,94000
65 years and over,Women,01-02-2005,85000
16 to 19 years,Men,01-03-2005,114000
20 to 24 years,Men,01-03-2005,137000
25 to 34 years,Men,01-03-2005,195000
35 to 44 years,Men,01-03-2005,211000
45 to 54 years,Men,01-03-2005,223000
55 to 64 years,Men,01-03-2005,115000
65 years and over,Men,01-03-2005,32000
16 to 19 years,Women,01-03-2005,53000
20 to 24 years,Women,01-03-2005,113000
25 to 34 years,Women,01-03-2005,102000
35 to 44 years,Women,01-03-2005,141000
45 to 54 years,Women,01-03-2005,152000
55 to 64 years,Women,01-03-2005,101000
65 years and over,Women,01-03-2005,72000
16 to 19 years,Men,01-04-2005,86000
20 to 24 years,Men,01-04-2005,125000
25 to 34 years,Men,01-04-2005,191000
35 to 44 years,Men,01-04-2005,206000
45 to 54 years,Men,01-04-2005,181000
55 to 64 years,Men,01-04-2005,93000
65 years and over,Men,01-04-2005,31000
16 to 19 years,Women,01-04-2005,53000
20 to 24 years,Women,01-04-2005,114000
25 to 34 years,Women,01-04-2005,151000
35 to 44 years,Women,01-04-2005,172000
45 to 54 years,Women,01-04-2005,160000
55 to 64 years,Women,01-04-2005,90000
65 years and over,Women,01-04-2005,80000
16 to 19 years,Men,01-05-2005,87000
20 to 24 years,Men,01-05-2005,106000
25 to 34 years,Men,01-05-2005,183000
35 to 44 years,Men,01-05-2005,173000
45 to 54 years,Men,01-05-2005,159000
55 to 64 years,Men,01-05-2005,87000
65 years and over,Men,01-05-2005,22000
16 to 19 years,Women,01-05-2005,44000
20 to 24 years,Women,01-05-2005,99000
25 to 34 years,Women,01-05-2005,149000
35 to 44 years,Women,01-05-2005,144000
45 to 54 years,Women,01-05-2005,178000
55 to 64 years,Women,01-05-2005,74000
65 years and over,Women,01-05-2005,71000
16 to 19 years,Men,01-06-2005,74000
20 to 24 years,Men,01-06-2005,109000
25 to 34 years,Men,01-06-2005,162000
35 to 44 years,Men,01-06-2005,146000
45 to 54 years,Men,01-06-2005,171000
55 to 64 years,Men,01-06-2005,64000
65 years and over,Men,01-06-2005,37000
16 to 19 years,Women,01-06-2005,47000
20 to 24 years,Women,01-06-2005,73000
25 to 34 years,Women,01-06-2005,114000
35 to 44 years,Women,01-06-2005,114000
45 to 54 years,Women,01-06-2005,150000
55 to 64 years,Women,01-06-2005,58000
65 years and over,Women,01-06-2005,89000
16 to 19 years,Men,01-07-2005,79000
20 to 24 years,Men,01-07-2005,110000
25 to 34 years,Men,01-07-2005,139000
35 to 44 years,Men,01-07-2005,164000
45 to 54 years,Men,01-07-2005,181000
55 to 64 years,Men,01-07-2005,56000
65 years and over,Men,01-07-2005,36000
16 to 19 years,Women,01-07-2005,39000
20 to 24 years,Women,01-07-2005,72000
25 to 34 years,Women,01-07-2005,156000
35 to 44 years,Women,01-07-2005,115000
45 to 54 years,Women,01-07-2005,123000
55 to 64 years,Women,01-07-2005,81000
65 years and over,Women,01-07-2005,86000
16 to 19 years,Men,01-08-2005,69000
20 to 24 years,Men,01-08-2005,142000
25 to 34 years,Men,01-08-2005,141000
35 to 44 years,Men,01-08-2005,157000
45 to 54 years,Men,01-08-2005,163000
55 to 64 years,Men,01-08-2005,82000
65 years and over,Men,01-08-2005,25000
16 to 19 years,Women,01-08-2005,47000
20 to 24 years,Women,01-08-2005,57000
25 to 34 years,Women,01-08-2005,151000
35 to 44 years,Women,01-08-2005,137000
45 to 54 years,Women,01-08-2005,130000
55 to 64 years,Women,01-08-2005,85000
65 years and over,Women,01-08-2005,101000
16 to 19 years,Men,01-09-2005,64000
20 to 24 years,Men,01-09-2005,127000
25 to 34 years,Men,01-09-2005,161000
35 to 44 years,Men,01-09-2005,152000
45 to 54 years,Men,01-09-2005,146000
55 to 64 years,Men,01-09-2005,83000
65 years and over,Men,01-09-2005,36000
16 to 19 years,Women,01-09-2005,41000
20 to 24 years,Women,01-09-2005,55000
25 to 34 years,Women,01-09-2005,163000
35 to 44 years,Women,01-09-2005,149000
45 to 54 years,Women,01-09-2005,152000
55 to 64 years,Women,01-09-2005,80000
65 years and over,Women,01-09-2005,96000
16 to 19 years,Men,01-10-2005,51000
20 to 24 years,Men,01-10-2005,102000
25 to 34 years,Men,01-10-2005,152000
35 to 44 years,Men,01-10-2005,137000
45 to 54 years,Men,01-10-2005,195000
55 to 64 years,Men,01-10-2005,90000
65 years and over,Men,01-10-2005,41000
16 to 19 years,Women,01-10-2005,48000
20 to 24 years,Women,01-10-2005,56000
25 to 34 years,Women,01-10-2005,150000
35 to 44 years,Women,01-10-2005,156000
45 to 54 years,Women,01-10-2005,120000
55 to 64 years,Women,01-10-2005,69000
65 years and over,Women,01-10-2005,94000
16 to 19 years,Men,01-11-2005,53000
20 to 24 years,Men,01-11-2005,97000
25 to 34 years,Men,01-11-2005,137000
35 to 44 years,Men,01-11-2005,151000
45 to 54 years,Men,01-11-2005,197000
55 to 64 years,Men,01-11-2005,82000
65 years and over,Men,01-11-2005,37000
16 to 19 years,Women,01-11-2005,28000
20 to 24 years,Women,01-11-2005,65000
25 to 34 years,Women,01-11-2005,140000
35 to 44 years,Women,01-11-2005,129000
45 to 54 years,Women,01-11-2005,131000
55 to 64 years,Women,01-11-2005,82000
65 years and over,Women,01-11-2005,62000
16 to 19 years,Men,01-12-2005,62000
20 to 24 years,Men,01-12-2005,93000
25 to 34 years,Men,01-12-2005,164000
35 to 44 years,Men,01-12-2005,150000
45 to 54 years,Men,01-12-2005,190000
55 to 64 years,Men,01-12-2005,104000
65 years and over,Men,01-12-2005,20000
16 to 19 years,Women,01-12-2005,30000
20 to 24 years,Women,01-12-2005,56000
25 to 34 years,Women,01-12-2005,131000
35 to 44 years,Women,01-12-2005,112000
45 to 54 years,Women,01-12-2005,116000
55 to 64 years,Women,01-12-2005,73000
65 years and over,Women,01-12-2005,64000
16 to 19 years,Men,01-01-2006,34000
20 to 24 years,Men,01-01-2006,126000
25 to 34 years,Men,01-01-2006,141000
35 to 44 years,Men,01-01-2006,105000
45 to 54 years,Men,01-01-2006,162000
55 to 64 years,Men,01-01-2006,102000
65 years and over,Men,01-01-2006,35000
16 to 19 years,Women,01-01-2006,39000
20 to 24 years,Women,01-01-2006,27000
25 to 34 years,Women,01-01-2006,92000
35 to 44 years,Women,01-01-2006,134000
45 to 54 years,Women,01-01-2006,110000
55 to 64 years,Women,01-01-2006,85000
65 years and over,Women,01-01-2006,61000
16 to 19 years,Men,01-02-2006,68000
20 to 24 years,Men,01-02-2006,135000
25 to 34 years,Men,01-02-2006,190000
35 to 44 years,Men,01-02-2006,123000
45 to 54 years,Men,01-02-2006,182000
55 to 64 years,Men,01-02-2006,95000
65 years and over,Men,01-02-2006,21000
16 to 19 years,Women,01-02-2006,26000
20 to 24 years,Women,01-02-2006,75000
25 to 34 years,Women,01-02-2006,132000
35 to 44 years,Women,01-02-2006,150000
45 to 54 years,Women,01-02-2006,124000
55 to 64 years,Women,01-02-2006,69000
65 years and over,Women,01-02-2006,61000
16 to 19 years,Men,01-03-2006,84000
20 to 24 years,Men,01-03-2006,140000
25 to 34 years,Men,01-03-2006,134000
35 to 44 years,Men,01-03-2006,171000
45 to 54 years,Men,01-03-2006,163000
55 to 64 years,Men,01-03-2006,84000
65 years and over,Men,01-03-2006,20000
16 to 19 years,Women,01-03-2006,40000
20 to 24 years,Women,01-03-2006,52000
25 to 34 years,Women,01-03-2006,137000
35 to 44 years,Women,01-03-2006,138000
45 to 54 years,Women,01-03-2006,119000
55 to 64 years,Women,01-03-2006,60000
65 years and over,Women,01-03-2006,54000
16 to 19 years,Men,01-04-2006,97000
20 to 24 years,Men,01-04-2006,174000
25 to 34 years,Men,01-04-2006,155000
35 to 44 years,Men,01-04-2006,140000
45 to 54 years,Men,01-04-2006,141000
55 to 64 years,Men,01-04-2006,113000
65 years and over,Men,01-04-2006,23000
16 to 19 years,Women,01-04-2006,28000
20 to 24 years,Women,01-04-2006,71000
25 to 34 years,Women,01-04-2006,135000
35 to 44 years,Women,01-04-2006,157000
45 to 54 years,Women,01-04-2006,98000
55 to 64 years,Women,01-04-2006,59000
65 years and over,Women,01-04-2006,54000
16 to 19 years,Men,01-05-2006,66000
20 to 24 years,Men,01-05-2006,125000
25 to 34 years,Men,01-05-2006,137000
35 to 44 years,Men,01-05-2006,158000
45 to 54 years,Men,01-05-2006,178000
55 to 64 years,Men,01-05-2006,81000
65 years and over,Men,01-05-2006,12000
16 to 19 years,Women,01-05-2006,45000
20 to 24 years,Women,01-05-2006,54000
25 to 34 years,Women,01-05-2006,146000
35 to 44 years,Women,01-05-2006,148000
45 to 54 years,Women,01-05-2006,100000
55 to 64 years,Women,01-05-2006,56000
65 years and over,Women,01-05-2006,43000
16 to 19 years,Men,01-06-2006,63000
20 to 24 years,Men,01-06-2006,106000
25 to 34 years,Men,01-06-2006,134000
35 to 44 years,Men,01-06-2006,127000
45 to 54 years,Men,01-06-2006,124000
55 to 64 years,Men,01-06-2006,85000
65 years and over,Men,01-06-2006,13000
16 to 19 years,Women,01-06-2006,30000
20 to 24 years,Women,01-06-2006,39000
25 to 34 years,Women,01-06-2006,123000
35 to 44 years,Women,01-06-2006,110000
45 to 54 years,Women,01-06-2006,92000
55 to 64 years,Women,01-06-2006,63000
65 years and over,Women,01-06-2006,68000
16 to 19 years,Men,01-07-2006,74000
20 to 24 years,Men,01-07-2006,93000
25 to 34 years,Men,01-07-2006,133000
35 to 44 years,Men,01-07-2006,163000
45 to 54 years,Men,01-07-2006,138000
55 to 64 years,Men,01-07-2006,96000
65 years and over,Men,01-07-2006,9000
16 to 19 years,Women,01-07-2006,74000
20 to 24 years,Women,01-07-2006,81000
25 to 34 years,Women,01-07-2006,115000
35 to 44 years,Women,01-07-2006,133000
45 to 54 years,Women,01-07-2006,84000
55 to 64 years,Women,01-07-2006,83000
65 years and over,Women,01-07-2006,86000
16 to 19 years,Men,01-08-2006,77000
20 to 24 years,Men,01-08-2006,130000
25 to 34 years,Men,01-08-2006,114000
35 to 44 years,Men,01-08-2006,159000
45 to 54 years,Men,01-08-2006,154000
55 to 64 years,Men,01-08-2006,87000
65 years and over,Men,01-08-2006,21000
16 to 19 years,Women,01-08-2006,46000
20 to 24 years,Women,01-08-2006,63000
25 to 34 years,Women,01-08-2006,102000
35 to 44 years,Women,01-08-2006,122000
45 to 54 years,Women,01-08-2006,134000
55 to 64 years,Women,01-08-2006,80000
65 years and over,Women,01-08-2006,110000
16 to 19 years,Men,01-09-2006,53000
20 to 24 years,Men,01-09-2006,101000
25 to 34 years,Men,01-09-2006,113000
35 to 44 years,Men,01-09-2006,153000
45 to 54 years,Men,01-09-2006,120000
55 to 64 years,Men,01-09-2006,97000
65 years and over,Men,01-09-2006,10000
16 to 19 years,Women,01-09-2006,27000
20 to 24 years,Women,01-09-2006,88000
25 to 34 years,Women,01-09-2006,120000
35 to 44 years,Women,01-09-2006,122000
45 to 54 years,Women,01-09-2006,125000
55 to 64 years,Women,01-09-2006,86000
65 years and over,Women,01-09-2006,111000
16 to 19 years,Men,01-10-2006,50000
20 to 24 years,Men,01-10-2006,92000
25 to 34 years,Men,01-10-2006,118000
35 to 44 years,Men,01-10-2006,100000
45 to 54 years,Men,01-10-2006,81000
55 to 64 years,Men,01-10-2006,91000
65 years and over,Men,01-10-2006,29000
16 to 19 years,Women,01-10-2006,21000
20 to 24 years,Women,01-10-2006,68000
25 to 34 years,Women,01-10-2006,85000
35 to 44 years,Women,01-10-2006,94000
45 to 54 years,Women,01-10-2006,118000
55 to 64 years,Women,01-10-2006,74000
65 years and over,Women,01-10-2006,83000
16 to 19 years,Men,01-11-2006,61000
20 to 24 years,Men,01-11-2006,80000
25 to 34 years,Men,01-11-2006,129000
35 to 44 years,Men,01-11-2006,107000
45 to 54 years,Men,01-11-2006,102000
55 to 64 years,Men,01-11-2006,89000
65 years and over,Men,01-11-2006,28000
16 to 19 years,Women,01-11-2006,37000
20 to 24 years,Women,01-11-2006,82000
25 to 34 years,Women,01-11-2006,77000
35 to 44 years,Women,01-11-2006,108000
45 to 54 years,Women,01-11-2006,121000
55 to 64 years,Women,01-11-2006,74000
65 years and over,Women,01-11-2006,92000
16 to 19 years,Men,01-12-2006,66000
20 to 24 years,Men,01-12-2006,97000
25 to 34 years,Men,01-12-2006,102000
35 to 44 years,Men,01-12-2006,82000
45 to 54 years,Men,01-12-2006,130000
55 to 64 years,Men,01-12-2006,95000
65 years and over,Men,01-12-2006,18000
16 to 19 years,Women,01-12-2006,30000
20 to 24 years,Women,01-12-2006,49000
25 to 34 years,Women,01-12-2006,95000
35 to 44 years,Women,01-12-2006,96000
45 to 54 years,Women,01-12-2006,101000
55 to 64 years,Women,01-12-2006,81000
65 years and over,Women,01-12-2006,32000
16 to 19 years,Men,01-01-2007,57000
20 to 24 years,Men,01-01-2007,87000
25 to 34 years,Men,01-01-2007,138000
35 to 44 years,Men,01-01-2007,120000
45 to 54 years,Men,01-01-2007,108000
55 to 64 years,Men,01-01-2007,107000
65 years and over,Men,01-01-2007,16000
16 to 19 years,Women,01-01-2007,33000
20 to 24 years,Women,01-01-2007,43000
25 to 34 years,Women,01-01-2007,126000
35 to 44 years,Women,01-01-2007,114000
45 to 54 years,Women,01-01-2007,137000
55 to 64 years,Women,01-01-2007,72000
65 years and over,Women,01-01-2007,81000
16 to 19 years,Men,01-02-2007,100000
20 to 24 years,Men,01-02-2007,123000
25 to 34 years,Men,01-02-2007,153000
35 to 44 years,Men,01-02-2007,123000
45 to 54 years,Men,01-02-2007,148000
55 to 64 years,Men,01-02-2007,83000
65 years and over,Men,01-02-2007,29000
16 to 19 years,Women,01-02-2007,37000
20 to 24 years,Women,01-02-2007,45000
25 to 34 years,Women,01-02-2007,127000
35 to 44 years,Women,01-02-2007,124000
45 to 54 years,Women,01-02-2007,125000
55 to 64 years,Women,01-02-2007,50000
65 years and over,Women,01-02-2007,55000
16 to 19 years,Men,01-03-2007,83000
20 to 24 years,Men,01-03-2007,110000
25 to 34 years,Men,01-03-2007,168000
35 to 44 years,Men,01-03-2007,137000
45 to 54 years,Men,01-03-2007,189000
55 to 64 years,Men,01-03-2007,95000
65 years and over,Men,01-03-2007,28000
16 to 19 years,Women,01-03-2007,24000
20 to 24 years,Women,01-03-2007,35000
25 to 34 years,Women,01-03-2007,135000
35 to 44 years,Women,01-03-2007,102000
45 to 54 years,Women,01-03-2007,113000
55 to 64 years,Women,01-03-2007,56000
65 years and over,Women,01-03-2007,68000
16 to 19 years,Men,01-04-2007,90000
20 to 24 years,Men,01-04-2007,99000
25 to 34 years,Men,01-04-2007,191000
35 to 44 years,Men,01-04-2007,101000
45 to 54 years,Men,01-04-2007,161000
55 to 64 years,Men,01-04-2007,86000
65 years and over,Men,01-04-2007,20000
16 to 19 years,Women,01-04-2007,45000
20 to 24 years,Women,01-04-2007,53000
25 to 34 years,Women,01-04-2007,138000
35 to 44 years,Women,01-04-2007,94000
45 to 54 years,Women,01-04-2007,122000
55 to 64 years,Women,01-04-2007,53000
65 years and over,Women,01-04-2007,64000
16 to 19 years,Men,01-05-2007,73000
20 to 24 years,Men,01-05-2007,88000
25 to 34 years,Men,01-05-2007,172000
35 to 44 years,Men,01-05-2007,87000
45 to 54 years,Men,01-05-2007,133000
55 to 64 years,Men,01-05-2007,82000
65 years and over,Men,01-05-2007,19000
16 to 19 years,Women,01-05-2007,37000
20 to 24 years,Women,01-05-2007,44000
25 to 34 years,Women,01-05-2007,119000
35 to 44 years,Women,01-05-2007,97000
45 to 54 years,Women,01-05-2007,107000
55 to 64 years,Women,01-05-2007,60000
65 years and over,Women,01-05-2007,71000
16 to 19 years,Men,01-06-2007,54000
20 to 24 years,Men,01-06-2007,113000
25 to 34 years,Men,01-06-2007,140000
35 to 44 years,Men,01-06-2007,106000
45 to 54 years,Men,01-06-2007,141000
55 to 64 years,Men,01-06-2007,81000
65 years and over,Men,01-06-2007,17000
16 to 19 years,Women,01-06-2007,54000
20 to 24 years,Women,01-06-2007,44000
25 to 34 years,Women,01-06-2007,94000
35 to 44 years,Women,01-06-2007,98000
45 to 54 years,Women,01-06-2007,100000
55 to 64 years,Women,01-06-2007,52000
65 years and over,Women,01-06-2007,109000
16 to 19 years,Men,01-07-2007,44000
20 to 24 years,Men,01-07-2007,129000
25 to 34 years,Men,01-07-2007,112000
35 to 44 years,Men,01-07-2007,136000
45 to 54 years,Men,01-07-2007,148000
55 to 64 years,Men,01-07-2007,93000
65 years and over,Men,01-07-2007,36000
16 to 19 years,Women,01-07-2007,41000
20 to 24 years,Women,01-07-2007,75000
25 to 34 years,Women,01-07-2007,128000
35 to 44 years,Women,01-07-2007,150000
45 to 54 years,Women,01-07-2007,118000
55 to 64 years,Women,01-07-2007,63000
65 years and over,Women,01-07-2007,111000
16 to 19 years,Men,01-08-2007,43000
20 to 24 years,Men,01-08-2007,150000
25 to 34 years,Men,01-08-2007,119000
35 to 44 years,Men,01-08-2007,121000
45 to 54 years,Men,01-08-2007,147000
55 to 64 years,Men,01-08-2007,110000
65 years and over,Men,01-08-2007,17000
16 to 19 years,Women,01-08-2007,47000
20 to 24 years,Women,01-08-2007,66000
25 to 34 years,Women,01-08-2007,125000
35 to 44 years,Women,01-08-2007,112000
45 to 54 years,Women,01-08-2007,125000
55 to 64 years,Women,01-08-2007,50000
65 years and over,Women,01-08-2007,84000
16 to 19 years,Men,01-09-2007,68000
20 to 24 years,Men,01-09-2007,131000
25 to 34 years,Men,01-09-2007,140000
35 to 44 years,Men,01-09-2007,139000
45 to 54 years,Men,01-09-2007,129000
55 to 64 years,Men,01-09-2007,105000
65 years and over,Men,01-09-2007,19000
16 to 19 years,Women,01-09-2007,36000
20 to 24 years,Women,01-09-2007,73000
25 to 34 years,Women,01-09-2007,115000
35 to 44 years,Women,01-09-2007,126000
45 to 54 years,Women,01-09-2007,127000
55 to 64 years,Women,01-09-2007,53000
65 years and over,Women,01-09-2007,92000
16 to 19 years,Men,01-10-2007,60000
20 to 24 years,Men,01-10-2007,117000
25 to 34 years,Men,01-10-2007,100000
35 to 44 years,Men,01-10-2007,119000
45 to 54 years,Men,01-10-2007,144000
55 to 64 years,Men,01-10-2007,95000
65 years and over,Men,01-10-2007,29000
16 to 19 years,Women,01-10-2007,27000
20 to 24 years,Women,01-10-2007,83000
25 to 34 years,Women,01-10-2007,104000
35 to 44 years,Women,01-10-2007,156000
45 to 54 years,Women,01-10-2007,146000
55 to 64 years,Women,01-10-2007,85000
65 years and over,Women,01-10-2007,76000
16 to 19 years,Men,01-11-2007,65000
20 to 24 years,Men,01-11-2007,88000
25 to 34 years,Men,01-11-2007,149000
35 to 44 years,Men,01-11-2007,142000
45 to 54 years,Men,01-11-2007,128000
55 to 64 years,Men,01-11-2007,88000
65 years and over,Men,01-11-2007,33000
16 to 19 years,Women,01-11-2007,46000
20 to 24 years,Women,01-11-2007,100000
25 to 34 years,Women,01-11-2007,129000
35 to 44 years,Women,01-11-2007,140000
45 to 54 years,Women,01-11-2007,146000
55 to 64 years,Women,01-11-2007,86000
65 years and over,Women,01-11-2007,89000
16 to 19 years,Men,01-12-2007,69000
20 to 24 years,Men,01-12-2007,106000
25 to 34 years,Men,01-12-2007,147000
35 to 44 years,Men,01-12-2007,132000
45 to 54 years,Men,01-12-2007,149000
55 to 64 years,Men,01-12-2007,83000
65 years and over,Men,01-12-2007,36000
16 to 19 years,Women,01-12-2007,36000
20 to 24 years,Women,01-12-2007,80000
25 to 34 years,Women,01-12-2007,108000
35 to 44 years,Women,01-12-2007,133000
45 to 54 years,Women,01-12-2007,124000
55 to 64 years,Women,01-12-2007,63000
65 years and over,Women,01-12-2007,77000
16 to 19 years,Men,01-01-2008,90000
20 to 24 years,Men,01-01-2008,138000
25 to 34 years,Men,01-01-2008,169000
35 to 44 years,Men,01-01-2008,155000
45 to 54 years,Men,01-01-2008,145000
55 to 64 years,Men,01-01-2008,75000
65 years and over,Men,01-01-2008,39000
16 to 19 years,Women,01-01-2008,47000
20 to 24 years,Women,01-01-2008,76000
25 to 34 years,Women,01-01-2008,93000
35 to 44 years,Women,01-01-2008,126000
45 to 54 years,Women,01-01-2008,153000
55 to 64 years,Women,01-01-2008,88000
65 years and over,Women,01-01-2008,99000
16 to 19 years,Men,01-02-2008,105000
20 to 24 years,Men,01-02-2008,146000
25 to 34 years,Men,01-02-2008,121000
35 to 44 years,Men,01-02-2008,151000
45 to 54 years,Men,01-02-2008,164000
55 to 64 years,Men,01-02-2008,95000
65 years and over,Men,01-02-2008,31000
16 to 19 years,Women,01-02-2008,37000
20 to 24 years,Women,01-02-2008,56000
25 to 34 years,Women,01-02-2008,107000
35 to 44 years,Women,01-02-2008,97000
45 to 54 years,Women,01-02-2008,130000
55 to 64 years,Women,01-02-2008,103000
65 years and over,Women,01-02-2008,106000
16 to 19 years,Men,01-03-2008,71000
20 to 24 years,Men,01-03-2008,142000
25 to 34 years,Men,01-03-2008,145000
35 to 44 years,Men,01-03-2008,154000
45 to 54 years,Men,01-03-2008,201000
55 to 64 years,Men,01-03-2008,78000
65 years and over,Men,01-03-2008,34000
16 to 19 years,Women,01-03-2008,51000
20 to 24 years,Women,01-03-2008,52000
25 to 34 years,Women,01-03-2008,124000
35 to 44 years,Women,01-03-2008,101000
45 to 54 years,Women,01-03-2008,113000
55 to 64 years,Women,01-03-2008,75000
65 years and over,Women,01-03-2008,101000
16 to 19 years,Men,01-04-2008,95000
20 to 24 years,Men,01-04-2008,154000
25 to 34 years,Men,01-04-2008,165000
35 to 44 years,Men,01-04-2008,175000
45 to 54 years,Men,01-04-2008,203000
55 to 64 years,Men,01-04-2008,67000
65 years and over,Men,01-04-2008,33000
16 to 19 years,Women,01-04-2008,50000
20 to 24 years,Women,01-04-2008,44000
25 to 34 years,Women,01-04-2008,137000
35 to 44 years,Women,01-04-2008,85000
45 to 54 years,Women,01-04-2008,154000
55 to 64 years,Women,01-04-2008,72000
65 years and over,Women,01-04-2008,98000
16 to 19 years,Men,01-05-2008,91000
20 to 24 years,Men,01-05-2008,174000
25 to 34 years,Men,01-05-2008,180000
35 to 44 years,Men,01-05-2008,143000
45 to 54 years,Men,01-05-2008,183000
55 to 64 years,Men,01-05-2008,94000
65 years and over,Men,01-05-2008,27000
16 to 19 years,Women,01-05-2008,69000
20 to 24 years,Women,01-05-2008,61000
25 to 34 years,Women,01-05-2008,148000
35 to 44 years,Women,01-05-2008,118000
45 to 54 years,Women,01-05-2008,183000
55 to 64 years,Women,01-05-2008,76000
65 years and over,Women,01-05-2008,67000
16 to 19 years,Men,01-06-2008,80000
20 to 24 years,Men,01-06-2008,160000
25 to 34 years,Men,01-06-2008,210000
35 to 44 years,Men,01-06-2008,158000
45 to 54 years,Men,01-06-2008,173000
55 to 64 years,Men,01-06-2008,99000
65 years and over,Men,01-06-2008,25000
16 to 19 years,Women,01-06-2008,51000
20 to 24 years,Women,01-06-2008,71000
25 to 34 years,Women,01-06-2008,132000
35 to 44 years,Women,01-06-2008,118000
45 to 54 years,Women,01-06-2008,168000
55 to 64 years,Women,01-06-2008,66000
65 years and over,Women,01-06-2008,99000
16 to 19 years,Men,01-07-2008,74000
20 to 24 years,Men,01-07-2008,151000
25 to 34 years,Men,01-07-2008,193000
35 to 44 years,Men,01-07-2008,201000
45 to 54 years,Men,01-07-2008,196000
55 to 64 years,Men,01-07-2008,70000
65 years and over,Men,01-07-2008,37000
16 to 19 years,Women,01-07-2008,48000
20 to 24 years,Women,01-07-2008,85000
25 to 34 years,Women,01-07-2008,163000
35 to 44 years,Women,01-07-2008,147000
45 to 54 years,Women,01-07-2008,197000
55 to 64 years,Women,01-07-2008,78000
65 years and over,Women,01-07-2008,133000
16 to 19 years,Men,01-08-2008,78000
20 to 24 years,Men,01-08-2008,138000
25 to 34 years,Men,01-08-2008,222000
35 to 44 years,Men,01-08-2008,208000
45 to 54 years,Men,01-08-2008,206000
55 to 64 years,Men,01-08-2008,103000
65 years and over,Men,01-08-2008,50000
16 to 19 years,Women,01-08-2008,62000
20 to 24 years,Women,01-08-2008,101000
25 to 34 years,Women,01-08-2008,204000
35 to 44 years,Women,01-08-2008,166000
45 to 54 years,Women,01-08-2008,209000
55 to 64 years,Women,01-08-2008,99000
65 years and over,Women,01-08-2008,149000
16 to 19 years,Men,01-09-2008,75000
20 to 24 years,Men,01-09-2008,169000
25 to 34 years,Men,01-09-2008,249000
35 to 44 years,Men,01-09-2008,235000
45 to 54 years,Men,01-09-2008,212000
55 to 64 years,Men,01-09-2008,126000
65 years and over,Men,01-09-2008,46000
16 to 19 years,Women,01-09-2008,69000
20 to 24 years,Women,01-09-2008,141000
25 to 34 years,Women,01-09-2008,177000
35 to 44 years,Women,01-09-2008,146000
45 to 54 years,Women,01-09-2008,231000
55 to 64 years,Women,01-09-2008,112000
65 years and over,Women,01-09-2008,125000
16 to 19 years,Men,01-10-2008,114000
20 to 24 years,Men,01-10-2008,176000
25 to 34 years,Men,01-10-2008,281000
35 to 44 years,Men,01-10-2008,250000
45 to 54 years,Men,01-10-2008,217000
55 to 64 years,Men,01-10-2008,158000
65 years and over,Men,01-10-2008,45000
16 to 19 years,Women,01-10-2008,48000
20 to 24 years,Women,01-10-2008,104000
25 to 34 years,Women,01-10-2008,222000
35 to 44 years,Women,01-10-2008,192000
45 to 54 years,Women,01-10-2008,243000
55 to 64 years,Women,01-10-2008,132000
65 years and over,Women,01-10-2008,146000
16 to 19 years,Men,01-11-2008,106000
20 to 24 years,Men,01-11-2008,152000
25 to 34 years,Men,01-11-2008,316000
35 to 44 years,Men,01-11-2008,206000
45 to 54 years,Men,01-11-2008,253000
55 to 64 years,Men,01-11-2008,171000
65 years and over,Men,01-11-2008,57000
16 to 19 years,Women,01-11-2008,53000
20 to 24 years,Women,01-11-2008,106000
25 to 34 years,Women,01-11-2008,202000
35 to 44 years,Women,01-11-2008,203000
45 to 54 years,Women,01-11-2008,189000
55 to 64 years,Women,01-11-2008,156000
65 years and over,Women,01-11-2008,95000
16 to 19 years,Men,01-12-2008,109000
20 to 24 years,Men,01-12-2008,216000
25 to 34 years,Men,01-12-2008,323000
35 to 44 years,Men,01-12-2008,253000
45 to 54 years,Men,01-12-2008,318000
55 to 64 years,Men,01-12-2008,173000
65 years and over,Men,01-12-2008,66000
16 to 19 years,Women,01-12-2008,83000
20 to 24 years,Women,01-12-2008,132000
25 to 34 years,Women,01-12-2008,165000
35 to 44 years,Women,01-12-2008,222000
45 to 54 years,Women,01-12-2008,246000
55 to 64 years,Women,01-12-2008,174000
65 years and over,Women,01-12-2008,109000
16 to 19 years,Men,01-01-2009,135000
20 to 24 years,Men,01-01-2009,234000
25 to 34 years,Men,01-01-2009,331000
35 to 44 years,Men,01-01-2009,279000
45 to 54 years,Men,01-01-2009,372000
55 to 64 years,Men,01-01-2009,179000
65 years and over,Men,01-01-2009,78000
16 to 19 years,Women,01-01-2009,86000
20 to 24 years,Women,01-01-2009,123000
25 to 34 years,Women,01-01-2009,209000
35 to 44 years,Women,01-01-2009,272000
45 to 54 years,Women,01-01-2009,223000
55 to 64 years,Women,01-01-2009,186000
65 years and over,Women,01-01-2009,146000
16 to 19 years,Men,01-02-2009,198000
20 to 24 years,Men,01-02-2009,258000
25 to 34 years,Men,01-02-2009,363000
35 to 44 years,Men,01-02-2009,311000
45 to 54 years,Men,01-02-2009,438000
55 to 64 years,Men,01-02-2009,196000
65 years and over,Men,01-02-2009,100000
16 to 19 years,Women,01-02-2009,85000
20 to 24 years,Women,01-02-2009,178000
25 to 34 years,Women,01-02-2009,209000
35 to 44 years,Women,01-02-2009,293000
45 to 54 years,Women,01-02-2009,241000
55 to 64 years,Women,01-02-2009,149000
65 years and over,Women,01-02-2009,167000
16 to 19 years,Men,01-03-2009,152000
20 to 24 years,Men,01-03-2009,288000
25 to 34 years,Men,01-03-2009,406000
35 to 44 years,Men,01-03-2009,399000
45 to 54 years,Men,01-03-2009,461000
55 to 64 years,Men,01-03-2009,239000
65 years and over,Men,01-03-2009,80000
16 to 19 years,Women,01-03-2009,112000
20 to 24 years,Women,01-03-2009,169000
25 to 34 years,Women,01-03-2009,242000
35 to 44 years,Women,01-03-2009,279000
45 to 54 years,Women,01-03-2009,282000
55 to 64 years,Women,01-03-2009,180000
65 years and over,Women,01-03-2009,160000
16 to 19 years,Men,01-04-2009,213000
20 to 24 years,Men,01-04-2009,366000
25 to 34 years,Men,01-04-2009,506000
35 to 44 years,Men,01-04-2009,485000
45 to 54 years,Men,01-04-2009,489000
55 to 64 years,Men,01-04-2009,269000
65 years and over,Men,01-04-2009,79000
16 to 19 years,Women,01-04-2009,121000
20 to 24 years,Women,01-04-2009,167000
25 to 34 years,Women,01-04-2009,318000
35 to 44 years,Women,01-04-2009,302000
45 to 54 years,Women,01-04-2009,325000
55 to 64 years,Women,01-04-2009,205000
65 years and over,Women,01-04-2009,145000
16 to 19 years,Men,01-05-2009,174000
20 to 24 years,Men,01-05-2009,366000
25 to 34 years,Men,01-05-2009,537000
35 to 44 years,Men,01-05-2009,450000
45 to 54 years,Men,01-05-2009,479000
55 to 64 years,Men,01-05-2009,282000
65 years and over,Men,01-05-2009,87000
16 to 19 years,Women,01-05-2009,102000
20 to 24 years,Women,01-05-2009,212000
25 to 34 years,Women,01-05-2009,377000
35 to 44 years,Women,01-05-2009,297000
45 to 54 years,Women,01-05-2009,327000
55 to 64 years,Women,01-05-2009,214000
65 years and over,Women,01-05-2009,171000
16 to 19 years,Men,01-06-2009,207000
20 to 24 years,Men,01-06-2009,300000
25 to 34 years,Men,01-06-2009,553000
35 to 44 years,Men,01-06-2009,495000
45 to 54 years,Men,01-06-2009,488000
55 to 64 years,Men,01-06-2009,361000
65 years and over,Men,01-06-2009,107000
16 to 19 years,Women,01-06-2009,118000
20 to 24 years,Women,01-06-2009,212000
25 to 34 years,Women,01-06-2009,382000
35 to 44 years,Women,01-06-2009,355000
45 to 54 years,Women,01-06-2009,354000
55 to 64 years,Women,01-06-2009,231000
65 years and over,Women,01-06-2009,197000
16 to 19 years,Men,01-07-2009,192000
20 to 24 years,Men,01-07-2009,416000
25 to 34 years,Men,01-07-2009,730000
35 to 44 years,Men,01-07-2009,551000
45 to 54 years,Men,01-07-2009,552000
55 to 64 years,Men,01-07-2009,378000
65 years and over,Men,01-07-2009,109000
16 to 19 years,Women,01-07-2009,126000
20 to 24 years,Women,01-07-2009,277000
25 to 34 years,Women,01-07-2009,480000
35 to 44 years,Women,01-07-2009,409000
45 to 54 years,Women,01-07-2009,393000
55 to 64 years,Women,01-07-2009,261000
65 years and over,Women,01-07-2009,210000
16 to 19 years,Men,01-08-2009,180000
20 to 24 years,Men,01-08-2009,360000
25 to 34 years,Men,01-08-2009,734000
35 to 44 years,Men,01-08-2009,574000
45 to 54 years,Men,01-08-2009,626000
55 to 64 years,Men,01-08-2009,379000
65 years and over,Men,01-08-2009,105000
16 to 19 years,Women,01-08-2009,94000
20 to 24 years,Women,01-08-2009,242000
25 to 34 years,Women,01-08-2009,492000
35 to 44 years,Women,01-08-2009,430000
45 to 54 years,Women,01-08-2009,464000
55 to 64 years,Women,01-08-2009,294000
65 years and over,Women,01-08-2009,196000
16 to 19 years,Men,01-09-2009,165000
20 to 24 years,Men,01-09-2009,395000
25 to 34 years,Men,01-09-2009,764000
35 to 44 years,Men,01-09-2009,635000
45 to 54 years,Men,01-09-2009,698000
55 to 64 years,Men,01-09-2009,376000
65 years and over,Men,01-09-2009,119000
16 to 19 years,Women,01-09-2009,99000
20 to 24 years,Women,01-09-2009,306000
25 to 34 years,Women,01-09-2009,510000
35 to 44 years,Women,01-09-2009,508000
45 to 54 years,Women,01-09-2009,498000
55 to 64 years,Women,01-09-2009,286000
65 years and over,Women,01-09-2009,210000
16 to 19 years,Men,01-10-2009,229000
20 to 24 years,Men,01-10-2009,400000
25 to 34 years,Men,01-10-2009,738000
35 to 44 years,Men,01-10-2009,647000
45 to 54 years,Men,01-10-2009,730000
55 to 64 years,Men,01-10-2009,390000
65 years and over,Men,01-10-2009,102000
16 to 19 years,Women,01-10-2009,118000
20 to 24 years,Women,01-10-2009,245000
25 to 34 years,Women,01-10-2009,550000
35 to 44 years,Women,01-10-2009,474000
45 to 54 years,Women,01-10-2009,510000
55 to 64 years,Women,01-10-2009,309000
65 years and over,Women,01-10-2009,188000
16 to 19 years,Men,01-11-2009,228000
20 to 24 years,Men,01-11-2009,425000
25 to 34 years,Men,01-11-2009,787000
35 to 44 years,Men,01-11-2009,668000
45 to 54 years,Men,01-11-2009,816000
55 to 64 years,Men,01-11-2009,468000
65 years and over,Men,01-11-2009,115000
16 to 19 years,Women,01-11-2009,113000
20 to 24 years,Women,01-11-2009,297000
25 to 34 years,Women,01-11-2009,481000
35 to 44 years,Women,01-11-2009,497000
45 to 54 years,Women,01-11-2009,513000
55 to 64 years,Women,01-11-2009,347000
65 years and over,Women,01-11-2009,184000
16 to 19 years,Men,01-12-2009,237000
20 to 24 years,Men,01-12-2009,428000
25 to 34 years,Men,01-12-2009,810000
35 to 44 years,Men,01-12-2009,699000
45 to 54 years,Men,01-12-2009,848000
55 to 64 years,Men,01-12-2009,471000
65 years and over,Men,01-12-2009,123000
16 to 19 years,Women,01-12-2009,136000
20 to 24 years,Women,01-12-2009,230000
25 to 34 years,Women,01-12-2009,463000
35 to 44 years,Women,01-12-2009,492000
45 to 54 years,Women,01-12-2009,535000
55 to 64 years,Women,01-12-2009,335000
65 years and over,Women,01-12-2009,186000
16 to 19 years,Men,01-01-2010,227000
20 to 24 years,Men,01-01-2010,542000
25 to 34 years,Men,01-01-2010,913000
35 to 44 years,Men,01-01-2010,733000
45 to 54 years,Men,01-01-2010,897000
55 to 64 years,Men,01-01-2010,549000
65 years and over,Men,01-01-2010,136000
16 to 19 years,Women,01-01-2010,134000
20 to 24 years,Women,01-01-2010,244000
25 to 34 years,Women,01-01-2010,535000
35 to 44 years,Women,01-01-2010,483000
45 to 54 years,Women,01-01-2010,588000
55 to 64 years,Women,01-01-2010,347000
65 years and over,Women,01-01-2010,195000
16 to 19 years,Men,01-02-2010,228000
20 to 24 years,Men,01-02-2010,516000
25 to 34 years,Men,01-02-2010,951000
35 to 44 years,Men,01-02-2010,828000
45 to 54 years,Men,01-02-2010,821000
55 to 64 years,Men,01-02-2010,546000
65 years and over,Men,01-02-2010,144000
16 to 19 years,Women,01-02-2010,132000
20 to 24 years,Women,01-02-2010,231000
25 to 34 years,Women,01-02-2010,455000
35 to 44 years,Women,01-02-2010,471000
45 to 54 years,Women,01-02-2010,544000
55 to 64 years,Women,01-02-2010,344000
65 years and over,Women,01-02-2010,228000
16 to 19 years,Men,01-03-2010,286000
20 to 24 years,Men,01-03-2010,564000
25 to 34 years,Men,01-03-2010,999000
35 to 44 years,Men,01-03-2010,757000
45 to 54 years,Men,01-03-2010,927000
55 to 64 years,Men,01-03-2010,536000
65 years and over,Men,01-03-2010,132000
16 to 19 years,Women,01-03-2010,152000
20 to 24 years,Women,01-03-2010,245000
25 to 34 years,Women,01-03-2010,522000
35 to 44 years,Women,01-03-2010,565000
45 to 54 years,Women,01-03-2010,605000
55 to 64 years,Women,01-03-2010,323000
65 years and over,Women,01-03-2010,191000
16 to 19 years,Men,01-04-2010,296000
20 to 24 years,Men,01-04-2010,653000
25 to 34 years,Men,01-04-2010,956000
35 to 44 years,Men,01-04-2010,807000
45 to 54 years,Men,01-04-2010,931000
55 to 64 years,Men,01-04-2010,544000
65 years and over,Men,01-04-2010,151000
16 to 19 years,Women,01-04-2010,118000
20 to 24 years,Women,01-04-2010,314000
25 to 34 years,Women,01-04-2010,608000
35 to 44 years,Women,01-04-2010,578000
45 to 54 years,Women,01-04-2010,623000
55 to 64 years,Women,01-04-2010,364000
65 years and over,Women,01-04-2010,156000
16 to 19 years,Men,01-05-2010,240000
20 to 24 years,Men,01-05-2010,493000
25 to 34 years,Men,01-05-2010,1011000
35 to 44 years,Men,01-05-2010,704000
45 to 54 years,Men,01-05-2010,827000
55 to 64 years,Men,01-05-2010,553000
65 years and over,Men,01-05-2010,144000
16 to 19 years,Women,01-05-2010,159000
20 to 24 years,Women,01-05-2010,293000
25 to 34 years,Women,01-05-2010,631000
35 to 44 years,Women,01-05-2010,550000
45 to 54 years,Women,01-05-2010,546000
55 to 64 years,Women,01-05-2010,403000
65 years and over,Women,01-05-2010,172000
16 to 19 years,Men,01-06-2010,280000
20 to 24 years,Men,01-06-2010,516000
25 to 34 years,Men,01-06-2010,931000
35 to 44 years,Men,01-06-2010,699000
45 to 54 years,Men,01-06-2010,862000
55 to 64 years,Men,01-06-2010,485000
65 years and over,Men,01-06-2010,115000
16 to 19 years,Women,01-06-2010,117000
20 to 24 years,Women,01-06-2010,301000
25 to 34 years,Women,01-06-2010,578000
35 to 44 years,Women,01-06-2010,538000
45 to 54 years,Women,01-06-2010,528000
55 to 64 years,Women,01-06-2010,399000
65 years and over,Women,01-06-2010,161000
16 to 19 years,Men,01-07-2010,238000
20 to 24 years,Men,01-07-2010,566000
25 to 34 years,Men,01-07-2010,814000
35 to 44 years,Men,01-07-2010,635000
45 to 54 years,Men,01-07-2010,848000
55 to 64 years,Men,01-07-2010,526000
65 years and over,Men,01-07-2010,135000
16 to 19 years,Women,01-07-2010,152000
20 to 24 years,Women,01-07-2010,359000
25 to 34 years,Women,01-07-2010,630000
35 to 44 years,Women,01-07-2010,568000
45 to 54 years,Women,01-07-2010,575000
55 to 64 years,Women,01-07-2010,390000
65 years and over,Women,01-07-2010,213000
16 to 19 years,Men,01-08-2010,197000
20 to 24 years,Men,01-08-2010,505000
25 to 34 years,Men,01-08-2010,789000
35 to 44 years,Men,01-08-2010,707000
45 to 54 years,Men,01-08-2010,833000
55 to 64 years,Men,01-08-2010,516000
65 years and over,Men,01-08-2010,134000
16 to 19 years,Women,01-08-2010,126000
20 to 24 years,Women,01-08-2010,273000
25 to 34 years,Women,01-08-2010,579000
35 to 44 years,Women,01-08-2010,547000
45 to 54 years,Women,01-08-2010,598000
55 to 64 years,Women,01-08-2010,385000
65 years and over,Women,01-08-2010,197000
16 to 19 years,Men,01-09-2010,158000
20 to 24 years,Men,01-09-2010,414000
25 to 34 years,Men,01-09-2010,815000
35 to 44 years,Men,01-09-2010,743000
45 to 54 years,Men,01-09-2010,808000
55 to 64 years,Men,01-09-2010,489000
65 years and over,Men,01-09-2010,134000
16 to 19 years,Women,01-09-2010,93000
20 to 24 years,Women,01-09-2010,252000
25 to 34 years,Women,01-09-2010,615000
35 to 44 years,Women,01-09-2010,546000
45 to 54 years,Women,01-09-2010,538000
55 to 64 years,Women,01-09-2010,408000
65 years and over,Women,01-09-2010,192000
16 to 19 years,Men,01-10-2010,162000
20 to 24 years,Men,01-10-2010,457000
25 to 34 years,Men,01-10-2010,718000
35 to 44 years,Men,01-10-2010,698000
45 to 54 years,Men,01-10-2010,811000
55 to 64 years,Men,01-10-2010,530000
65 years and over,Men,01-10-2010,141000
16 to 19 years,Women,01-10-2010,144000
20 to 24 years,Women,01-10-2010,315000
25 to 34 years,Women,01-10-2010,601000
35 to 44 years,Women,01-10-2010,485000
45 to 54 years,Women,01-10-2010,571000
55 to 64 years,Women,01-10-2010,374000
65 years and over,Women,01-10-2010,158000
16 to 19 years,Men,01-11-2010,149000
20 to 24 years,Men,01-11-2010,440000
25 to 34 years,Men,01-11-2010,739000
35 to 44 years,Men,01-11-2010,699000
45 to 54 years,Men,01-11-2010,879000
55 to 64 years,Men,01-11-2010,539000
65 years and over,Men,01-11-2010,173000
16 to 19 years,Women,01-11-2010,105000
20 to 24 years,Women,01-11-2010,306000
25 to 34 years,Women,01-11-2010,578000
35 to 44 years,Women,01-11-2010,529000
45 to 54 years,Women,01-11-2010,621000
55 to 64 years,Women,01-11-2010,394000
65 years and over,Women,01-11-2010,205000
16 to 19 years,Men,01-12-2010,149000
20 to 24 years,Men,01-12-2010,456000
25 to 34 years,Men,01-12-2010,750000
35 to 44 years,Men,01-12-2010,693000
45 to 54 years,Men,01-12-2010,877000
55 to 64 years,Men,01-12-2010,476000
16 to 19 years,Men,01-01-2011,204000
16 to 19 years,Men,01-02-2011,196000
16 to 19 years,Men,01-03-2011,205000
16 to 19 years,Men,01-04-2011,241000
16 to 19 years,Men,01-05-2011,196000
16 to 19 years,Men,01-06-2011,180000
16 to 19 years,Men,01-07-2011,164000
16 to 19 years,Men,01-08-2011,163000
16 to 19 years,Men,01-09-2011,134000
16 to 19 years,Men,01-10-2011,146000
16 to 19 years,Men,01-11-2011,189000
16 to 19 years,Men,01-12-2011,150000
16 to 19 years,Men,01-01-2012,200000
16 to 19 years,Men,01-02-2012,184000
16 to 19 years,Men,01-03-2012,186000
16 to 19 years,Men,01-04-2012,180000
16 to 19 years,Men,01-05-2012,168000
16 to 19 years,Men,01-06-2012,159000
16 to 19 years,Men,01-07-2012,149000
16 to 19 years,Men,01-08-2012,121000
16 to 19 years,Men,01-09-2012,147000
16 to 19 years,Men,01-10-2012,160000
16 to 19 years,Men,01-11-2012,192000
16 to 19 years,Men,01-12-2012,155000
16 to 19 years,Men,01-01-2013,166000
16 to 19 years,Men,01-02-2013,202000
16 to 19 years,Men,01-03-2013,151000
16 to 19 years,Men,01-04-2013,160000
16 to 19 years,Men,01-05-2013,161000
16 to 19 years,Men,01-06-2013,146000
16 to 19 years,Men,01-07-2013,131000
16 to 19 years,Men,01-08-2013,123000
16 to 19 years,Men,01-09-2013,141000
16 to 19 years,Men,01-10-2013,132000
16 to 19 years,Men,01-11-2013,144000
16 to 19 years,Men,01-12-2013,106000
16 to 19 years,Men,01-01-2014,97000
16 to 19 years,Men,01-02-2014,129000
16 to 19 years,Men,01-03-2014,136000
16 to 19 years,Men,01-04-2014,119000
16 to 19 years,Men,01-05-2014,84000
16 to 19 years,Men,01-06-2014,66000
16 to 19 years,Men,01-07-2014,98000
16 to 19 years,Men,01-08-2014,105000
16 to 19 years,Men,01-09-2014,89000
16 to 19 years,Men,01-10-2014,84000
16 to 19 years,Men,01-11-2014,75000
16 to 19 years,Men,01-12-2014,81000
16 to 19 years,Men,01-01-2015,85000
16 to 19 years,Men,01-02-2015,93000
20 to 24 years,Men,01-01-2011,507000
20 to 24 years,Men,01-02-2011,460000
20 to 24 years,Men,01-03-2011,510000
20 to 24 years,Men,01-04-2011,481000
20 to 24 years,Men,01-05-2011,455000
20 to 24 years,Men,01-06-2011,451000
20 to 24 years,Men,01-07-2011,423000
20 to 24 years,Men,01-08-2011,418000
20 to 24 years,Men,01-09-2011,443000
20 to 24 years,Men,01-10-2011,392000
20 to 24 years,Men,01-11-2011,462000
20 to 24 years,Men,01-12-2011,474000
20 to 24 years,Men,01-01-2012,480000
20 to 24 years,Men,01-02-2012,489000
20 to 24 years,Men,01-03-2012,439000
20 to 24 years,Men,01-04-2012,439000
20 to 24 years,Men,01-05-2012,475000
20 to 24 years,Men,01-06-2012,446000
20 to 24 years,Men,01-07-2012,435000
20 to 24 years,Men,01-08-2012,460000
20 to 24 years,Men,01-09-2012,368000
20 to 24 years,Men,01-10-2012,348000
20 to 24 years,Men,01-11-2012,323000
20 to 24 years,Men,01-12-2012,368000
20 to 24 years,Men,01-01-2013,436000
20 to 24 years,Men,01-02-2013,405000
20 to 24 years,Men,01-03-2013,381000
20 to 24 years,Men,01-04-2013,363000
20 to 24 years,Men,01-05-2013,380000
20 to 24 years,Men,01-06-2013,418000
20 to 24 years,Men,01-07-2013,377000
20 to 24 years,Men,01-08-2013,393000
20 to 24 years,Men,01-09-2013,403000
20 to 24 years,Men,01-10-2013,319000
20 to 24 years,Men,01-11-2013,289000
20 to 24 years,Men,01-12-2013,307000
20 to 24 years,Men,01-01-2014,339000
20 to 24 years,Men,01-02-2014,366000
20 to 24 years,Men,01-03-2014,378000
20 to 24 years,Men,01-04-2014,325000
20 to 24 years,Men,01-05-2014,302000
20 to 24 years,Men,01-06-2014,285000
20 to 24 years,Men,01-07-2014,277000
20 to 24 years,Men,01-08-2014,254000
20 to 24 years,Men,01-09-2014,266000
20 to 24 years,Men,01-10-2014,241000
20 to 24 years,Men,01-11-2014,226000
20 to 24 years,Men,01-12-2014,201000
20 to 24 years,Men,01-01-2015,241000
20 to 24 years,Men,01-02-2015,255000
25 to 34 years,Men,01-01-2011,803000
25 to 34 years,Men,01-02-2011,812000
25 to 34 years,Men,01-03-2011,849000
25 to 34 years,Men,01-04-2011,866000
25 to 34 years,Men,01-05-2011,857000
25 to 34 years,Men,01-06-2011,749000
25 to 34 years,Men,01-07-2011,761000
25 to 34 years,Men,01-08-2011,682000
25 to 34 years,Men,01-09-2011,727000
25 to 34 years,Men,01-10-2011,682000
25 to 34 years,Men,01-11-2011,649000
25 to 34 years,Men,01-12-2011,699000
25 to 34 years,Men,01-01-2012,690000
25 to 34 years,Men,01-02-2012,626000
25 to 34 years,Men,01-03-2012,716000
25 to 34 years,Men,01-04-2012,645000
25 to 34 years,Men,01-05-2012,606000
25 to 34 years,Men,01-06-2012,581000
25 to 34 years,Men,01-07-2012,536000
25 to 34 years,Men,01-08-2012,504000
25 to 34 years,Men,01-09-2012,560000
25 to 34 years,Men,01-10-2012,617000
25 to 34 years,Men,01-11-2012,538000
25 to 34 years,Men,01-12-2012,526000
25 to 34 years,Men,01-01-2013,528000
25 to 34 years,Men,01-02-2013,561000
25 to 34 years,Men,01-03-2013,511000
25 to 34 years,Men,01-04-2013,544000
25 to 34 years,Men,01-05-2013,478000
25 to 34 years,Men,01-06-2013,488000
25 to 34 years,Men,01-07-2013,492000
25 to 34 years,Men,01-08-2013,594000
25 to 34 years,Men,01-09-2013,479000
25 to 34 years,Men,01-10-2013,437000
25 to 34 years,Men,01-11-2013,549000
25 to 34 years,Men,01-12-2013,514000
25 to 34 years,Men,01-01-2014,493000
25 to 34 years,Men,01-02-2014,488000
25 to 34 years,Men,01-03-2014,418000
25 to 34 years,Men,01-04-2014,456000
25 to 34 years,Men,01-05-2014,496000
25 to 34 years,Men,01-06-2014,386000
25 to 34 years,Men,01-07-2014,413000
25 to 34 years,Men,01-08-2014,342000
25 to 34 years,Men,01-09-2014,350000
25 to 34 years,Men,01-10-2014,313000
25 to 34 years,Men,01-11-2014,282000
25 to 34 years,Men,01-12-2014,357000
25 to 34 years,Men,01-01-2015,362000
25 to 34 years,Men,01-02-2015,319000
35 to 44 years,Men,01-01-2011,704000
35 to 44 years,Men,01-02-2011,648000
35 to 44 years,Men,01-03-2011,709000
35 to 44 years,Men,01-04-2011,641000
35 to 44 years,Men,01-05-2011,602000
35 to 44 years,Men,01-06-2011,693000
35 to 44 years,Men,01-07-2011,600000
35 to 44 years,Men,01-08-2011,665000
35 to 44 years,Men,01-09-2011,649000
35 to 44 years,Men,01-10-2011,597000
35 to 44 years,Men,01-11-2011,560000
35 to 44 years,Men,01-12-2011,581000
35 to 44 years,Men,01-01-2012,551000
35 to 44 years,Men,01-02-2012,478000
35 to 44 years,Men,01-03-2012,512000
35 to 44 years,Men,01-04-2012,548000
35 to 44 years,Men,01-05-2012,532000
35 to 44 years,Men,01-06-2012,531000
35 to 44 years,Men,01-07-2012,534000
35 to 44 years,Men,01-08-2012,471000
35 to 44 years,Men,01-09-2012,458000
35 to 44 years,Men,01-10-2012,493000
35 to 44 years,Men,01-11-2012,490000
35 to 44 years,Men,01-12-2012,476000
35 to 44 years,Men,01-01-2013,479000
35 to 44 years,Men,01-02-2013,471000
35 to 44 years,Men,01-03-2013,500000
35 to 44 years,Men,01-04-2013,421000
35 to 44 years,Men,01-05-2013,426000
35 to 44 years,Men,01-06-2013,366000
35 to 44 years,Men,01-07-2013,421000
35 to 44 years,Men,01-08-2013,462000
35 to 44 years,Men,01-09-2013,454000
35 to 44 years,Men,01-10-2013,410000
35 to 44 years,Men,01-11-2013,411000
35 to 44 years,Men,01-12-2013,409000
35 to 44 years,Men,01-01-2014,363000
35 to 44 years,Men,01-02-2014,380000
35 to 44 years,Men,01-03-2014,351000
35 to 44 years,Men,01-04-2014,313000
35 to 44 years,Men,01-05-2014,311000
35 to 44 years,Men,01-06-2014,268000
35 to 44 years,Men,01-07-2014,312000
35 to 44 years,Men,01-08-2014,288000
35 to 44 years,Men,01-09-2014,228000
35 to 44 years,Men,01-10-2014,240000
35 to 44 years,Men,01-11-2014,257000
35 to 44 years,Men,01-12-2014,205000
35 to 44 years,Men,01-01-2015,282000
35 to 44 years,Men,01-02-2015,270000
45 to 54 years,Men,01-01-2011,788000
45 to 54 years,Men,01-02-2011,752000
45 to 54 years,Men,01-03-2011,784000
45 to 54 years,Men,01-04-2011,710000
45 to 54 years,Men,01-05-2011,779000
45 to 54 years,Men,01-06-2011,685000
45 to 54 years,Men,01-07-2011,757000
45 to 54 years,Men,01-08-2011,670000
45 to 54 years,Men,01-09-2011,717000
45 to 54 years,Men,01-10-2011,668000
45 to 54 years,Men,01-11-2011,631000
45 to 54 years,Men,01-12-2011,575000
45 to 54 years,Men,01-01-2012,563000
45 to 54 years,Men,01-02-2012,599000
45 to 54 years,Men,01-03-2012,579000
45 to 54 years,Men,01-04-2012,543000
45 to 54 years,Men,01-05-2012,590000
45 to 54 years,Men,01-06-2012,586000
45 to 54 years,Men,01-07-2012,574000
45 to 54 years,Men,01-08-2012,583000
45 to 54 years,Men,01-09-2012,508000
45 to 54 years,Men,01-10-2012,562000
45 to 54 years,Men,01-11-2012,509000
45 to 54 years,Men,01-12-2012,475000
45 to 54 years,Men,01-01-2013,477000
45 to 54 years,Men,01-02-2013,486000
45 to 54 years,Men,01-03-2013,493000
45 to 54 years,Men,01-04-2013,504000
45 to 54 years,Men,01-05-2013,527000
45 to 54 years,Men,01-06-2013,449000
45 to 54 years,Men,01-07-2013,451000
45 to 54 years,Men,01-08-2013,417000
45 to 54 years,Men,01-09-2013,404000
45 to 54 years,Men,01-10-2013,424000
45 to 54 years,Men,01-11-2013,399000
45 to 54 years,Men,01-12-2013,359000
45 to 54 years,Men,01-01-2014,427000
45 to 54 years,Men,01-02-2014,458000
45 to 54 years,Men,01-03-2014,401000
45 to 54 years,Men,01-04-2014,337000
45 to 54 years,Men,01-05-2014,329000
45 to 54 years,Men,01-06-2014,278000
45 to 54 years,Men,01-07-2014,254000
45 to 54 years,Men,01-08-2014,265000
45 to 54 years,Men,01-09-2014,275000
45 to 54 years,Men,01-10-2014,276000
45 to 54 years,Men,01-11-2014,292000
45 to 54 years,Men,01-12-2014,285000
45 to 54 years,Men,01-01-2015,249000
45 to 54 years,Men,01-02-2015,272000
55 to 64 years,Men,01-01-2011,509000
55 to 64 years,Men,01-02-2011,503000
55 to 64 years,Men,01-03-2011,533000
55 to 64 years,Men,01-04-2011,491000
55 to 64 years,Men,01-05-2011,496000
55 to 64 years,Men,01-06-2011,505000
55 to 64 years,Men,01-07-2011,524000
55 to 64 years,Men,01-08-2011,468000
55 to 64 years,Men,01-09-2011,495000
55 to 64 years,Men,01-10-2011,492000
55 to 64 years,Men,01-11-2011,471000
55 to 64 years,Men,01-12-2011,404000
55 to 64 years,Men,01-01-2012,480000
55 to 64 years,Men,01-02-2012,428000
55 to 64 years,Men,01-03-2012,495000
55 to 64 years,Men,01-04-2012,456000
55 to 64 years,Men,01-05-2012,467000
55 to 64 years,Men,01-06-2012,410000
55 to 64 years,Men,01-07-2012,389000
55 to 64 years,Men,01-08-2012,386000
55 to 64 years,Men,01-09-2012,412000
55 to 64 years,Men,01-10-2012,392000
55 to 64 years,Men,01-11-2012,459000
55 to 64 years,Men,01-12-2012,404000
55 to 64 years,Men,01-01-2013,395000
55 to 64 years,Men,01-02-2013,410000
55 to 64 years,Men,01-03-2013,421000
55 to 64 years,Men,01-04-2013,378000
55 to 64 years,Men,01-05-2013,376000
55 to 64 years,Men,01-06-2013,325000
55 to 64 years,Men,01-07-2013,353000
55 to 64 years,Men,01-08-2013,364000
55 to 64 years,Men,01-09-2013,385000
55 to 64 years,Men,01-10-2013,363000
55 to 64 years,Men,01-11-2013,339000
55 to 64 years,Men,01-12-2013,359000
55 to 64 years,Men,01-01-2014,318000
55 to 64 years,Men,01-02-2014,304000
55 to 64 years,Men,01-03-2014,347000
55 to 64 years,Men,01-04-2014,284000
55 to 64 years,Men,01-05-2014,253000
55 to 64 years,Men,01-06-2014,289000
55 to 64 years,Men,01-07-2014,251000
55 to 64 years,Men,01-08-2014,215000
55 to 64 years,Men,01-09-2014,218000
55 to 64 years,Men,01-10-2014,252000
55 to 64 years,Men,01-11-2014,242000
55 to 64 years,Men,01-12-2014,266000
55 to 64 years,Men,01-01-2015,222000
55 to 64 years,Men,01-02-2015,229000
65 years and over,Men,01-12-2010,157000
65 years and over,Men,01-01-2011,152000
65 years and over,Men,01-02-2011,145000
65 years and over,Men,01-03-2011,140000
65 years and over,Men,01-04-2011,137000
65 years and over,Men,01-05-2011,148000
65 years and over,Men,01-06-2011,148000
65 years and over,Men,01-07-2011,159000
65 years and over,Men,01-08-2011,153000
65 years and over,Men,01-09-2011,168000
65 years and over,Men,01-10-2011,157000
65 years and over,Men,01-11-2011,172000
65 years and over,Men,01-12-2011,150000
65 years and over,Men,01-01-2012,130000
65 years and over,Men,01-02-2012,118000
65 years and over,Men,01-03-2012,118000
65 years and over,Men,01-04-2012,133000
65 years and over,Men,01-05-2012,171000
65 years and over,Men,01-06-2012,184000
65 years and over,Men,01-07-2012,168000
65 years and over,Men,01-08-2012,152000
65 years and over,Men,01-09-2012,162000
65 years and over,Men,01-10-2012,120000
65 years and over,Men,01-11-2012,115000
65 years and over,Men,01-12-2012,97000
65 years and over,Men,01-01-2013,125000
65 years and over,Men,01-02-2013,131000
65 years and over,Men,01-03-2013,128000
65 years and over,Men,01-04-2013,149000
65 years and over,Men,01-05-2013,135000
65 years and over,Men,01-06-2013,116000
65 years and over,Men,01-07-2013,106000
65 years and over,Men,01-08-2013,78000
65 years and over,Men,01-09-2013,91000
65 years and over,Men,01-10-2013,97000
65 years and over,Men,01-11-2013,97000
65 years and over,Men,01-12-2013,82000
65 years and over,Men,01-01-2014,93000
65 years and over,Men,01-02-2014,76000
65 years and over,Men,01-03-2014,76000
65 years and over,Men,01-04-2014,105000
65 years and over,Men,01-05-2014,84000
65 years and over,Men,01-06-2014,114000
65 years and over,Men,01-07-2014,97000
65 years and over,Men,01-08-2014,95000
65 years and over,Men,01-09-2014,79000
65 years and over,Men,01-10-2014,84000
65 years and over,Men,01-11-2014,122000
65 years and over,Men,01-12-2014,110000
65 years and over,Men,01-01-2015,97000
65 years and over,Men,01-02-2015,100000
16 to 19 years,Women,01-12-2010,143000
16 to 19 years,Women,01-01-2011,148000
16 to 19 years,Women,01-02-2011,99000
16 to 19 years,Women,01-03-2011,134000
16 to 19 years,Women,01-04-2011,115000
16 to 19 years,Women,01-05-2011,162000
16 to 19 years,Women,01-06-2011,151000
16 to 19 years,Women,01-07-2011,171000
16 to 19 years,Women,01-08-2011,195000
16 to 19 years,Women,01-09-2011,157000
16 to 19 years,Women,01-10-2011,113000
16 to 19 years,Women,01-11-2011,111000
16 to 19 years,Women,01-12-2011,96000
16 to 19 years,Women,01-01-2012,139000
16 to 19 years,Women,01-02-2012,136000
16 to 19 years,Women,01-03-2012,151000
16 to 19 years,Women,01-04-2012,146000
16 to 19 years,Women,01-05-2012,127000
16 to 19 years,Women,01-06-2012,118000
16 to 19 years,Women,01-07-2012,121000
16 to 19 years,Women,01-08-2012,114000
16 to 19 years,Women,01-09-2012,82000
16 to 19 years,Women,01-10-2012,105000
16 to 19 years,Women,01-11-2012,96000
16 to 19 years,Women,01-12-2012,69000
16 to 19 years,Women,01-01-2013,107000
16 to 19 years,Women,01-02-2013,95000
16 to 19 years,Women,01-03-2013,103000
16 to 19 years,Women,01-04-2013,124000
16 to 19 years,Women,01-05-2013,94000
16 to 19 years,Women,01-06-2013,106000
16 to 19 years,Women,01-07-2013,79000
16 to 19 years,Women,01-08-2013,77000
16 to 19 years,Women,01-09-2013,37000
16 to 19 years,Women,01-10-2013,73000
16 to 19 years,Women,01-11-2013,75000
16 to 19 years,Women,01-12-2013,62000
16 to 19 years,Women,01-01-2014,88000
16 to 19 years,Women,01-02-2014,112000
16 to 19 years,Women,01-03-2014,99000
16 to 19 years,Women,01-04-2014,88000
16 to 19 years,Women,01-05-2014,75000
16 to 19 years,Women,01-06-2014,81000
16 to 19 years,Women,01-07-2014,93000
16 to 19 years,Women,01-08-2014,68000
16 to 19 years,Women,01-09-2014,83000
16 to 19 years,Women,01-10-2014,37000
16 to 19 years,Women,01-11-2014,62000
16 to 19 years,Women,01-12-2014,60000
16 to 19 years,Women,01-01-2015,75000
16 to 19 years,Women,01-02-2015,80000
20 to 24 years,Women,01-12-2010,297000
20 to 24 years,Women,01-01-2011,348000
20 to 24 years,Women,01-02-2011,371000
20 to 24 years,Women,01-03-2011,329000
20 to 24 years,Women,01-04-2011,324000
20 to 24 years,Women,01-05-2011,354000
20 to 24 years,Women,01-06-2011,297000
20 to 24 years,Women,01-07-2011,312000
20 to 24 years,Women,01-08-2011,281000
20 to 24 years,Women,01-09-2011,322000
20 to 24 years,Women,01-10-2011,329000
20 to 24 years,Women,01-11-2011,307000
20 to 24 years,Women,01-12-2011,250000
20 to 24 years,Women,01-01-2012,239000
20 to 24 years,Women,01-02-2012,264000
20 to 24 years,Women,01-03-2012,255000
20 to 24 years,Women,01-04-2012,215000
20 to 24 years,Women,01-05-2012,246000
20 to 24 years,Women,01-06-2012,239000
20 to 24 years,Women,01-07-2012,280000
20 to 24 years,Women,01-08-2012,296000
20 to 24 years,Women,01-09-2012,242000
20 to 24 years,Women,01-10-2012,252000
20 to 24 years,Women,01-11-2012,269000
20 to 24 years,Women,01-12-2012,262000
20 to 24 years,Women,01-01-2013,264000
20 to 24 years,Women,01-02-2013,256000
20 to 24 years,Women,01-03-2013,278000
20 to 24 years,Women,01-04-2013,262000
20 to 24 years,Women,01-05-2013,238000
20 to 24 years,Women,01-06-2013,253000
20 to 24 years,Women,01-07-2013,239000
20 to 24 years,Women,01-08-2013,239000
20 to 24 years,Women,01-09-2013,211000
20 to 24 years,Women,01-10-2013,210000
20 to 24 years,Women,01-11-2013,197000
20 to 24 years,Women,01-12-2013,217000
20 to 24 years,Women,01-01-2014,222000
20 to 24 years,Women,01-02-2014,184000
20 to 24 years,Women,01-03-2014,224000
20 to 24 years,Women,01-04-2014,165000
20 to 24 years,Women,01-05-2014,141000
20 to 24 years,Women,01-06-2014,130000
20 to 24 years,Women,01-07-2014,140000
20 to 24 years,Women,01-08-2014,136000
20 to 24 years,Women,01-09-2014,116000
20 to 24 years,Women,01-10-2014,197000
20 to 24 years,Women,01-11-2014,174000
20 to 24 years,Women,01-12-2014,182000
20 to 24 years,Women,01-01-2015,143000
20 to 24 years,Women,01-02-2015,141000
25 to 34 years,Women,01-12-2010,576000
25 to 34 years,Women,01-01-2011,525000
25 to 34 years,Women,01-02-2011,542000
25 to 34 years,Women,01-03-2011,514000
25 to 34 years,Women,01-04-2011,571000
25 to 34 years,Women,01-05-2011,559000
25 to 34 years,Women,01-06-2011,599000
25 to 34 years,Women,01-07-2011,688000
25 to 34 years,Women,01-08-2011,645000
25 to 34 years,Women,01-09-2011,713000
25 to 34 years,Women,01-10-2011,670000
25 to 34 years,Women,01-11-2011,596000
25 to 34 years,Women,01-12-2011,580000
25 to 34 years,Women,01-01-2012,559000
25 to 34 years,Women,01-02-2012,522000
25 to 34 years,Women,01-03-2012,481000
25 to 34 years,Women,01-04-2012,523000
25 to 34 years,Women,01-05-2012,548000
25 to 34 years,Women,01-06-2012,553000
25 to 34 years,Women,01-07-2012,526000
25 to 34 years,Women,01-08-2012,481000
25 to 34 years,Women,01-09-2012,516000
25 to 34 years,Women,01-10-2012,521000
25 to 34 years,Women,01-11-2012,482000
25 to 34 years,Women,01-12-2012,444000
25 to 34 years,Women,01-01-2013,436000
25 to 34 years,Women,01-02-2013,431000
25 to 34 years,Women,01-03-2013,414000
25 to 34 years,Women,01-04-2013,413000
25 to 34 years,Women,01-05-2013,386000
25 to 34 years,Women,01-06-2013,427000
25 to 34 years,Women,01-07-2013,507000
25 to 34 years,Women,01-08-2013,458000
25 to 34 years,Women,01-09-2013,421000
25 to 34 years,Women,01-10-2013,445000
25 to 34 years,Women,01-11-2013,435000
25 to 34 years,Women,01-12-2013,370000
25 to 34 years,Women,01-01-2014,292000
25 to 34 years,Women,01-02-2014,393000
25 to 34 years,Women,01-03-2014,404000
25 to 34 years,Women,01-04-2014,357000
25 to 34 years,Women,01-05-2014,372000
25 to 34 years,Women,01-06-2014,339000
25 to 34 years,Women,01-07-2014,348000
25 to 34 years,Women,01-08-2014,354000
25 to 34 years,Women,01-09-2014,350000
25 to 34 years,Women,01-10-2014,334000
25 to 34 years,Women,01-11-2014,297000
25 to 34 years,Women,01-12-2014,284000
25 to 34 years,Women,01-01-2015,302000
25 to 34 years,Women,01-02-2015,294000
35 to 44 years,Women,01-12-2010,557000
35 to 44 years,Women,01-01-2011,530000
35 to 44 years,Women,01-02-2011,520000
35 to 44 years,Women,01-03-2011,514000
35 to 44 years,Women,01-04-2011,505000
35 to 44 years,Women,01-05-2011,485000
35 to 44 years,Women,01-06-2011,528000
35 to 44 years,Women,01-07-2011,543000
35 to 44 years,Women,01-08-2011,541000
35 to 44 years,Women,01-09-2011,503000
35 to 44 years,Women,01-10-2011,436000
35 to 44 years,Women,01-11-2011,460000
35 to 44 years,Women,01-12-2011,467000
35 to 44 years,Women,01-01-2012,551000
35 to 44 years,Women,01-02-2012,502000
35 to 44 years,Women,01-03-2012,414000
35 to 44 years,Women,01-04-2012,391000
35 to 44 years,Women,01-05-2012,516000
35 to 44 years,Women,01-06-2012,490000
35 to 44 years,Women,01-07-2012,490000
35 to 44 years,Women,01-08-2012,474000
35 to 44 years,Women,01-09-2012,419000
35 to 44 years,Women,01-10-2012,417000
35 to 44 years,Women,01-11-2012,369000
35 to 44 years,Women,01-12-2012,451000
35 to 44 years,Women,01-01-2013,464000
35 to 44 years,Women,01-02-2013,462000
35 to 44 years,Women,01-03-2013,398000
35 to 44 years,Women,01-04-2013,341000
35 to 44 years,Women,01-05-2013,381000
35 to 44 years,Women,01-06-2013,372000
35 to 44 years,Women,01-07-2013,400000
35 to 44 years,Women,01-08-2013,348000
35 to 44 years,Women,01-09-2013,307000
35 to 44 years,Women,01-10-2013,303000
35 to 44 years,Women,01-11-2013,305000
35 to 44 years,Women,01-12-2013,290000
35 to 44 years,Women,01-01-2014,304000
35 to 44 years,Women,01-02-2014,317000
35 to 44 years,Women,01-03-2014,316000
35 to 44 years,Women,01-04-2014,273000
35 to 44 years,Women,01-05-2014,278000
35 to 44 years,Women,01-06-2014,250000
35 to 44 years,Women,01-07-2014,280000
35 to 44 years,Women,01-08-2014,250000
35 to 44 years,Women,01-09-2014,294000
35 to 44 years,Women,01-10-2014,234000
35 to 44 years,Women,01-11-2014,225000
35 to 44 years,Women,01-12-2014,226000
35 to 44 years,Women,01-01-2015,240000
35 to 44 years,Women,01-02-2015,235000
45 to 54 years,Women,01-12-2010,577000
45 to 54 years,Women,01-01-2011,630000
45 to 54 years,Women,01-02-2011,608000
45 to 54 years,Women,01-03-2011,589000
45 to 54 years,Women,01-04-2011,578000
45 to 54 years,Women,01-05-2011,588000
45 to 54 years,Women,01-06-2011,596000
45 to 54 years,Women,01-07-2011,596000
45 to 54 years,Women,01-08-2011,624000
45 to 54 years,Women,01-09-2011,626000
45 to 54 years,Women,01-10-2011,550000
45 to 54 years,Women,01-11-2011,521000
45 to 54 years,Women,01-12-2011,531000
45 to 54 years,Women,01-01-2012,536000
45 to 54 years,Women,01-02-2012,573000
45 to 54 years,Women,01-03-2012,547000
45 to 54 years,Women,01-04-2012,554000
45 to 54 years,Women,01-05-2012,507000
45 to 54 years,Women,01-06-2012,489000
45 to 54 years,Women,01-07-2012,559000
45 to 54 years,Women,01-08-2012,545000
45 to 54 years,Women,01-09-2012,522000
45 to 54 years,Women,01-10-2012,469000
45 to 54 years,Women,01-11-2012,450000
45 to 54 years,Women,01-12-2012,470000
45 to 54 years,Women,01-01-2013,470000
45 to 54 years,Women,01-02-2013,479000
45 to 54 years,Women,01-03-2013,461000
45 to 54 years,Women,01-04-2013,444000
45 to 54 years,Women,01-05-2013,426000
45 to 54 years,Women,01-06-2013,398000
45 to 54 years,Women,01-07-2013,405000
45 to 54 years,Women,01-08-2013,372000
45 to 54 years,Women,01-09-2013,363000
45 to 54 years,Women,01-10-2013,355000
45 to 54 years,Women,01-11-2013,398000
45 to 54 years,Women,01-12-2013,357000
45 to 54 years,Women,01-01-2014,346000
45 to 54 years,Women,01-02-2014,354000
45 to 54 years,Women,01-03-2014,332000
45 to 54 years,Women,01-04-2014,333000
45 to 54 years,Women,01-05-2014,304000
45 to 54 years,Women,01-06-2014,239000
45 to 54 years,Women,01-07-2014,293000
45 to 54 years,Women,01-08-2014,258000
45 to 54 years,Women,01-09-2014,297000
45 to 54 years,Women,01-10-2014,278000
45 to 54 years,Women,01-11-2014,237000
45 to 54 years,Women,01-12-2014,214000
45 to 54 years,Women,01-01-2015,297000
45 to 54 years,Women,01-02-2015,253000
55 to 64 years,Women,01-12-2010,378000
55 to 64 years,Women,01-01-2011,355000
55 to 64 years,Women,01-02-2011,318000
55 to 64 years,Women,01-03-2011,362000
55 to 64 years,Women,01-04-2011,355000
55 to 64 years,Women,01-05-2011,382000
55 to 64 years,Women,01-06-2011,388000
55 to 64 years,Women,01-07-2011,403000
55 to 64 years,Women,01-08-2011,422000
55 to 64 years,Women,01-09-2011,445000
55 to 64 years,Women,01-10-2011,416000
55 to 64 years,Women,01-11-2011,387000
55 to 64 years,Women,01-12-2011,349000
55 to 64 years,Women,01-01-2012,377000
55 to 64 years,Women,01-02-2012,362000
55 to 64 years,Women,01-03-2012,389000
55 to 64 years,Women,01-04-2012,370000
55 to 64 years,Women,01-05-2012,336000
55 to 64 years,Women,01-06-2012,308000
55 to 64 years,Women,01-07-2012,359000
55 to 64 years,Women,01-08-2012,330000
55 to 64 years,Women,01-09-2012,341000
55 to 64 years,Women,01-10-2012,343000
55 to 64 years,Women,01-11-2012,312000
55 to 64 years,Women,01-12-2012,328000
55 to 64 years,Women,01-01-2013,339000
55 to 64 years,Women,01-02-2013,309000
55 to 64 years,Women,01-03-2013,310000
55 to 64 years,Women,01-04-2013,299000
55 to 64 years,Women,01-05-2013,297000
55 to 64 years,Women,01-06-2013,270000
55 to 64 years,Women,01-07-2013,268000
55 to 64 years,Women,01-08-2013,290000
55 to 64 years,Women,01-09-2013,302000
55 to 64 years,Women,01-10-2013,317000
55 to 64 years,Women,01-11-2013,272000
55 to 64 years,Women,01-12-2013,240000
55 to 64 years,Women,01-01-2014,231000
55 to 64 years,Women,01-02-2014,244000
55 to 64 years,Women,01-03-2014,252000
55 to 64 years,Women,01-04-2014,264000
55 to 64 years,Women,01-05-2014,250000
55 to 64 years,Women,01-06-2014,203000
55 to 64 years,Women,01-07-2014,267000
55 to 64 years,Women,01-08-2014,224000
55 to 64 years,Women,01-09-2014,191000
55 to 64 years,Women,01-10-2014,203000
55 to 64 years,Women,01-11-2014,234000
55 to 64 years,Women,01-12-2014,173000
55 to 64 years,Women,01-01-2015,212000
55 to 64 years,Women,01-02-2015,170000
65 years and over,Women,01-12-2010,182000
65 years and over,Women,01-01-2011,205000
65 years and over,Women,01-02-2011,190000
65 years and over,Women,01-03-2011,175000
65 years and over,Women,01-04-2011,161000
65 years and over,Women,01-05-2011,184000
65 years and over,Women,01-06-2011,166000
65 years and over,Women,01-07-2011,219000
65 years and over,Women,01-08-2011,227000
65 years and over,Women,01-09-2011,224000
65 years and over,Women,01-10-2011,263000
65 years and over,Women,01-11-2011,230000
65 years and over,Women,01-12-2011,208000
65 years and over,Women,01-01-2012,201000
65 years and over,Women,01-02-2012,230000
65 years and over,Women,01-03-2012,191000
65 years and over,Women,01-04-2012,212000
65 years and over,Women,01-05-2012,228000
65 years and over,Women,01-06-2012,235000
65 years and over,Women,01-07-2012,244000
65 years and over,Women,01-08-2012,243000
65 years and over,Women,01-09-2012,196000
65 years and over,Women,01-10-2012,206000
65 years and over,Women,01-11-2012,195000
65 years and over,Women,01-12-2012,191000
65 years and over,Women,01-01-2013,219000
65 years and over,Women,01-02-2013,198000
65 years and over,Women,01-03-2013,187000
65 years and over,Women,01-04-2013,180000
65 years and over,Women,01-05-2013,143000
65 years and over,Women,01-06-2013,226000
65 years and over,Women,01-07-2013,170000
65 years and over,Women,01-08-2013,167000
65 years and over,Women,01-09-2013,195000
65 years and over,Women,01-10-2013,186000
65 years and over,Women,01-11-2013,179000
65 years and over,Women,01-12-2013,169000
65 years and over,Women,01-01-2014,179000
65 years and over,Women,01-02-2014,173000
65 years and over,Women,01-03-2014,151000
65 years and over,Women,01-04-2014,143000
65 years and over,Women,01-05-2014,183000
65 years and over,Women,01-06-2014,172000
65 years and over,Women,01-07-2014,213000
65 years and over,Women,01-08-2014,257000
65 years and over,Women,01-09-2014,193000
65 years and over,Women,01-10-2014,188000
65 years and over,Women,01-11-2014,141000
65 years and over,Women,01-12-2014,128000
65 years and over,Women,01-01-2015,157000
65 years and over,Women,01-02-2015,174000
